id,first_name,last_name,age,city
1,Alice,Smith,30,NewYork
2,Bob,Johnson,25,LosAngeles
3,Charlie,Williams,22,Chicago
4,David,Brown,28,Houston
5,Eva,Jones,35,Philadelphia
6,Frank,Garcia,45,Phoenix
7,Grace,Harris,37,SanAntonio
8,Hannah,Clark,29,SanDiego
9,Igor,Rodriguez,32,Dallas
10,Jack,Lewis,27,SanJose
11,Kate,Walker,28,Austin
12,Larry,Young,34,Jacksonville
13,Maria,King,23,SanFrancisco
14,Nick,Wright,31,Columbus
15,Olivia,Lee,24,Charlotte
16,Paul,Lopez,40,Indianapolis
17,Quincy,Hall,27,Seattle
18,Rebecca,Allen,38,Denver
19,Sam,Torres,29,Washington
20,Tom,Nguyen,22,Boston